,distance,moving_time,elapsed_time,total_elevation_gain,type,sport_type,workout_type,start_date,start_date_local,timezone,utc_offset,Runner
0,42748.4,13133,13163,351.9,Run,Run,0,2023-09-16T21:18:20Z,2023-09-17T07:18:20Z,(GMT+10:00) Australia/Sydney,36000,Tom
1,5017.5,1702,1770,84.6,Run,Run,0,2023-09-15T07:01:31Z,2023-09-15T17:01:31Z,(GMT+10:00) Australia/Sydney,36000,Tom
2,6005.3,2054,2061,17.6,Run,Run,0,2023-09-13T20:52:25Z,2023-09-14T06:52:25Z,(GMT+10:00) Australia/Brisbane,36000,Tom
3,8541.4,2890,2914,32.3,Run,Run,0,2023-09-11T20:48:11Z,2023-09-12T06:48:11Z,(GMT+10:00) Australia/Brisbane,36000,Tom
4,8153.8,2870,2953,91,Run,Run,0,2023-09-10T20:35:17Z,2023-09-11T06:35:17Z,(GMT+10:00) Australia/Brisbane,36000,Tom
5,19029.3,6559,7662,116.4,Run,Run,0,2023-09-08T21:02:12Z,2023-09-09T07:02:12Z,(GMT+10:00) Australia/Brisbane,36000,Tom
6,10012.8,3136,3136,22,Run,Run,0,2023-09-07T20:47:20Z,2023-09-08T06:47:20Z,(GMT+10:00) Australia/Brisbane,36000,Tom
7,10030,3489,3660,92,Run,Run,0,2023-09-06T20:35:06Z,2023-09-07T06:35:06Z,(GMT+10:00) Australia/Brisbane,36000,Tom
8,5954,2112,2273,41.2,Run,Run,0,2023-09-05T21:03:30Z,2023-09-06T07:03:30Z,(GMT+10:00) Australia/Brisbane,36000,Tom
9,9094,2988,3000,23.8,Run,Run,0,2023-09-05T07:25:17Z,2023-09-05T17:25:17Z,(GMT+10:00) Australia/Brisbane,36000,Tom
10,26012.2,7609,7929,98.3,Run,Run,0,2023-09-02T23:40:22Z,2023-09-03T09:40:22Z,(GMT+10:00) Australia/Brisbane,36000,Tom
11,9329.6,3181,3988,116,Run,Run,0,2023-08-31T20:39:44Z,2023-09-01T06:39:44Z,(GMT+10:00) Australia/Brisbane,36000,Tom
12,10441.7,3067,3166,36,Run,Run,0,2023-08-29T20:48:50Z,2023-08-30T06:48:50Z,(GMT+10:00) Australia/Brisbane,36000,Tom
13,10003.3,3594,3722,83.4,Run,Run,0,2023-08-28T20:17:17Z,2023-08-29T06:17:17Z,(GMT+10:00) Australia/Brisbane,36000,Tom
14,37009.5,11365,11822,232.4,Run,Run,0,2023-08-26T21:52:34Z,2023-08-27T07:52:34Z,(GMT+10:00) Australia/Brisbane,36000,Tom
15,11539.6,3751,4020,69.6,Run,Run,0,2023-08-25T22:00:52Z,2023-08-26T08:00:52Z,(GMT+10:00) Australia/Brisbane,36000,Tom
16,14010,4266,4269,33.3,Run,Run,0,2023-08-24T20:51:31Z,2023-08-25T06:51:31Z,(GMT+10:00) Australia/Brisbane,36000,Tom
17,13013,4208,4481,91.3,Run,Run,0,2023-08-23T07:12:37Z,2023-08-23T17:12:37Z,(GMT+10:00) Australia/Brisbane,36000,Tom
18,8773.6,2844,2847,25.4,Run,Run,0,2023-08-21T07:29:59Z,2023-08-21T17:29:59Z,(GMT+10:00) Australia/Brisbane,36000,Tom
19,11486.8,3447,3458,32.4,Run,Run,0,2023-08-19T21:51:54Z,2023-08-20T07:51:54Z,(GMT+10:00) Australia/Brisbane,36000,Tom
20,5011.9,1165,1165,7.1,Run,Run,0,2023-08-18T21:00:36Z,2023-08-19T07:00:36Z,(GMT+10:00) Australia/Brisbane,36000,Tom
21,11005.7,3871,4397,101.6,Run,Run,0,2023-08-18T07:02:47Z,2023-08-18T17:02:47Z,(GMT+10:00) Australia/Brisbane,36000,Tom
22,35011.8,10724,10994,171.5,Run,Run,0,2023-08-15T22:02:41Z,2023-08-16T08:02:41Z,(GMT+10:00) Australia/Brisbane,36000,Tom
23,10255.3,3528,3662,77.7,Run,Run,0,2023-08-15T08:06:06Z,2023-08-15T18:06:06Z,(GMT+10:00) Australia/Brisbane,36000,Tom
24,14158.5,4338,4343,200.6,Run,Run,0,2023-08-12T22:42:29Z,2023-08-13T08:42:29Z,(GMT+10:00) Australia/Sydney,36000,Tom
25,5009.1,1402,1402,9.3,Run,Run,0,2023-08-11T06:46:42Z,2023-08-11T16:46:42Z,(GMT+10:00) Australia/Brisbane,36000,Tom
26,32003.1,10993,11609,204.8,Run,Run,0,2023-08-09T07:11:17Z,2023-08-09T17:11:17Z,(GMT+10:00) Australia/Brisbane,36000,Tom
27,10654.5,3583,3590,39,Run,Run,0,2023-08-08T07:08:54Z,2023-08-08T17:08:54Z,(GMT+10:00) Australia/Brisbane,36000,Tom
28,8040.1,2978,3126,80,Run,Run,0,2023-08-07T06:58:08Z,2023-08-07T16:58:08Z,(GMT+10:00) Australia/Brisbane,36000,Tom
29,30600.8,10309,11009,578.4,Run,Run,0,2023-08-04T07:15:17Z,2023-08-04T08:15:17Z,(GMT+00:00) Europe/London,3600,Tom
30,5010.1,1743,1768,88.7,Run,Run,0,2023-08-03T08:20:25Z,2023-08-03T09:20:25Z,(GMT+00:00) Europe/London,3600,Tom
31,10129.4,3343,3379,78,Run,Run,0,2023-08-02T14:02:40Z,2023-08-02T15:02:40Z,(GMT+00:00) Europe/London,3600,Tom
32,10055.8,3042,3042,72.3,Run,Run,0,2023-08-01T09:26:02Z,2023-08-01T10:26:02Z,(GMT+00:00) Europe/London,3600,Tom
33,21144.9,7210,7465,363.5,Run,Run,0,2023-07-30T07:09:56Z,2023-07-30T08:09:56Z,(GMT+00:00) Europe/London,3600,Tom
34,11009.9,3379,3440,81.5,Run,Run,0,2023-07-28T14:57:02Z,2023-07-28T15:57:02Z,(GMT+00:00) Europe/London,3600,Tom
35,7133.5,2590,2855,32.4,Run,Run,0,2023-07-27T14:44:05Z,2023-07-27T15:44:05Z,(GMT+00:00) Europe/London,3600,Tom
36,9737.4,3565,3583,162,Run,Run,0,2023-07-25T15:21:24Z,2023-07-25T16:21:24Z,(GMT+00:00) Europe/London,3600,Tom
37,32016.1,10556,14482,376.9,Run,Run,0,2023-07-23T06:53:25Z,2023-07-23T07:53:25Z,(GMT+00:00) Europe/London,3600,Tom
38,5027.9,1706,1747,88.2,Run,Run,0,2023-07-22T08:13:26Z,2023-07-22T09:13:26Z,(GMT+00:00) Europe/London,3600,Tom
39,12839.2,4383,7228,189.7,Run,Run,0,2023-07-19T20:39:31Z,2023-07-20T06:39:31Z,(GMT+10:00) Australia/Brisbane,36000,Tom
40,8259.2,2596,2655,19.9,Run,Run,0,2023-07-18T21:08:44Z,2023-07-19T07:08:44Z,(GMT+10:00) Australia/Brisbane,36000,Tom
41,8270,3034,3091,84.6,Run,Run,0,2023-07-18T06:51:45Z,2023-07-18T16:51:45Z,(GMT+10:00) Australia/Brisbane,36000,Tom
42,29015.4,9949,10485,80.9,Run,Run,0,2023-07-15T23:21:12Z,2023-07-16T09:21:12Z,(GMT+10:00) Australia/Brisbane,36000,Tom
43,5021.3,1433,1433,7.1,Run,Run,0,2023-07-14T21:01:17Z,2023-07-15T07:01:17Z,(GMT+10:00) Australia/Brisbane,36000,Tom
44,6049.6,2123,2126,47.4,Run,Run,0,2023-07-13T08:59:43Z,2023-07-13T18:59:43Z,(GMT+10:00) Australia/Brisbane,36000,Tom
45,10030.6,3278,3510,100.1,Run,Run,0,2023-07-12T07:27:21Z,2023-07-12T17:27:21Z,(GMT+10:00) Australia/Brisbane,36000,Tom
46,8008.1,2666,2714,69.7,Run,Run,0,2023-07-11T07:12:57Z,2023-07-11T17:12:57Z,(GMT+10:00) Australia/Brisbane,36000,Tom
47,22009.4,7674,10409,153.9,Run,Run,0,2023-07-07T21:37:21Z,2023-07-08T07:37:21Z,(GMT+10:00) Australia/Melbourne,36000,Tom
48,9650.2,3367,5301,121.1,Run,Run,0,2023-07-05T20:42:33Z,2023-07-06T06:42:33Z,(GMT+10:00) Australia/Brisbane,36000,Tom
49,11335.9,3525,3646,35,Run,Run,0,2023-07-04T07:45:16Z,2023-07-04T17:45:16Z,(GMT+10:00) Australia/Brisbane,36000,Tom
50,5996.6,2268,2282,53.1,Run,Run,0,2023-07-03T08:22:44Z,2023-07-03T18:22:44Z,(GMT+10:00) Australia/Brisbane,36000,Tom
51,21255.8,5868,5868,22.4,Run,Run,0,2023-06-30T20:15:52Z,2023-07-01T06:15:52Z,(GMT+10:00) Australia/Brisbane,36000,Tom
52,6389.4,2162,2395,118.1,Run,Run,0,2023-06-29T07:41:31Z,2023-06-29T17:41:31Z,(GMT+10:00) Australia/Brisbane,36000,Tom
53,8026.5,2446,2477,28.4,Run,Run,0,2023-06-28T07:16:05Z,2023-06-28T17:16:05Z,(GMT+10:00) Australia/Brisbane,36000,Tom
54,7013.6,2446,2459,23.9,Run,Run,0,2023-06-26T21:18:44Z,2023-06-27T07:18:44Z,(GMT+10:00) Australia/Brisbane,36000,Tom
55,10000.8,7776,13615,210.5,Walk,Walk,,2023-06-25T02:02:28Z,2023-06-25T12:02:28Z,(GMT+10:00) Australia/Brisbane,36000,Tom
56,20053.5,6830,7191,116.8,Run,Run,0,2023-06-23T22:02:23Z,2023-06-24T08:02:23Z,(GMT+10:00) Australia/Brisbane,36000,Tom
57,7186.4,2547,2550,26.8,Run,Run,0,2023-06-21T20:51:34Z,2023-06-22T06:51:34Z,(GMT+10:00) Australia/Brisbane,36000,Tom
58,8138.7,2822,2825,75,Run,Run,0,2023-06-20T08:06:57Z,2023-06-20T18:06:57Z,(GMT+10:00) Australia/Brisbane,36000,Tom
59,8014.6,2942,3010,24.2,Run,Run,0,2023-06-19T08:02:59Z,2023-06-19T18:02:59Z,(GMT+10:00) Australia/Brisbane,36000,Tom
60,19013,6126,6585,132.2,Run,Run,0,2023-06-17T21:52:03Z,2023-06-18T07:52:03Z,(GMT+10:00) Australia/Brisbane,36000,Tom
61,0,3002,3002,0,WeightTraining,WeightTraining,,2023-06-15T20:58:33Z,2023-06-16T06:58:33Z,(GMT+10:00) Antarctica/DumontDUrville,36000,Tom
62,8340.2,2928,2965,122,Run,Run,0,2023-06-14T21:02:02Z,2023-06-15T07:02:02Z,(GMT+10:00) Australia/Brisbane,36000,Tom
63,9475.8,2948,3453,57.8,Run,Run,0,2023-06-13T21:33:15Z,2023-06-14T07:33:15Z,(GMT+10:00) Australia/Brisbane,36000,Tom
64,0,3425,3425,0,WeightTraining,WeightTraining,,2023-06-13T08:24:44Z,2023-06-13T18:24:44Z,(GMT+10:00) Antarctica/DumontDUrville,36000,Tom
65,6203.4,2233,2246,41,Run,Run,0,2023-06-12T07:45:31Z,2023-06-12T17:45:31Z,(GMT+10:00) Australia/Brisbane,36000,Tom
66,0,3613,3613,0,WeightTraining,WeightTraining,,2023-06-11T01:25:35Z,2023-06-11T11:25:35Z,(GMT+10:00) Antarctica/DumontDUrville,36000,Tom
67,11000.7,3698,3698,64,Run,Run,0,2023-06-09T21:53:43Z,2023-06-10T07:53:43Z,(GMT+10:00) Australia/Brisbane,36000,Tom
68,5065.7,1250,1250,18.5,Run,Run,0,2023-06-09T21:01:22Z,2023-06-10T07:01:22Z,(GMT+10:00) Australia/Brisbane,36000,Tom
69,0,2645,2645,0,WeightTraining,WeightTraining,,2023-06-08T08:25:09Z,2023-06-08T18:25:09Z,(GMT+10:00) Antarctica/DumontDUrville,36000,Tom
70,5155.9,1846,1882,81.1,Run,Run,0,2023-06-07T21:06:02Z,2023-06-08T07:06:02Z,(GMT+10:00) Australia/Brisbane,36000,Tom
71,10044.9,3162,3184,100.4,Run,Run,0,2023-06-07T07:31:48Z,2023-06-07T17:31:48Z,(GMT+10:00) Australia/Brisbane,36000,Tom
72,0,3548,3548,0,WeightTraining,WeightTraining,,2023-06-06T07:57:29Z,2023-06-06T17:57:29Z,(GMT+10:00) Antarctica/DumontDUrville,36000,Tom
73,9386.9,3371,3543,62.1,Run,Run,0,2023-06-05T07:25:56Z,2023-06-05T17:25:56Z,(GMT+10:00) Australia/Brisbane,36000,Tom
74,10086.8,2724,2735,81.7,Run,Run,0,2023-06-03T20:45:51Z,2023-06-04T06:45:51Z,(GMT+10:00) Australia/Brisbane,36000,Tom
75,0,3700,3700,0,WeightTraining,WeightTraining,,2023-06-02T07:35:15Z,2023-06-02T17:35:15Z,(GMT+10:00) Antarctica/DumontDUrville,36000,Tom
76,15006,4830,5001,183.1,Run,Run,0,2023-06-01T08:21:54Z,2023-06-01T18:21:54Z,(GMT+10:00) Australia/Brisbane,36000,Tom
77,0,2700,2700,0,WeightTraining,WeightTraining,,2023-05-31T10:51:38Z,2023-05-31T11:51:38Z,(GMT+00:00) Europe/London,3600,Tom
78,4371.6,1536,1586,88.5,Run,Run,0,2023-05-30T08:12:29Z,2023-05-30T18:12:29Z,(GMT+10:00) Australia/Brisbane,36000,Tom
79,0,3789,3789,0,WeightTraining,WeightTraining,,2023-05-29T07:42:26Z,2023-05-29T17:42:26Z,(GMT+10:00) Antarctica/DumontDUrville,36000,Tom
80,10276,3249,3283,22.7,Run,Run,0,2023-05-28T04:07:52Z,2023-05-28T14:07:52Z,(GMT+10:00) Australia/Brisbane,36000,Tom
81,10029,3143,3154,31,Run,Run,0,2023-05-24T21:34:15Z,2023-05-25T07:04:15Z,(GMT+09:30) Australia/Darwin,34200,Tom
82,4469.3,2119,2695,113.2,Run,Run,0,2023-05-22T23:59:30Z,2023-05-23T09:29:30Z,(GMT+09:30) Australia/Darwin,34200,Tom
83,4691.6,1523,1648,6.5,Run,Run,0,2023-05-20T22:15:43Z,2023-05-21T07:45:43Z,(GMT+09:30) Australia/Darwin,34200,Tom
84,6039.1,2096,2350,47.5,Run,Run,0,2023-05-19T23:28:07Z,2023-05-20T07:28:07Z,(GMT+08:00) Australia/Perth,28800,Tom
85,26736.1,5620,7624,249.9,Ride,Ride,10,2023-05-19T02:40:37Z,2023-05-19T10:40:37Z,(GMT+08:00) Australia/Perth,28800,Tom
86,6864.5,2346,2589,20,Run,Run,0,2023-05-17T01:15:22Z,2023-05-17T09:15:22Z,(GMT+08:00) Australia/Perth,28800,Tom
87,410.7,111,19088,0,Workout,Workout,,2023-05-15T01:43:10Z,2023-05-15T09:43:10Z,(GMT+08:00) Australia/Perth,28800,Tom
88,10286.8,3590,3687,31.3,Run,Run,0,2023-05-14T08:23:29Z,2023-05-14T16:23:29Z,(GMT+08:00) Australia/Perth,28800,Tom
89,5740,3571,7371,9.7,Workout,Workout,,2023-05-13T04:01:52Z,2023-05-13T12:01:52Z,(GMT+08:00) Australia/Perth,28800,Tom
90,5012.2,1687,1687,23.8,Run,Run,0,2023-05-10T02:00:43Z,2023-05-10T10:00:43Z,(GMT+08:00) Australia/Perth,28800,Tom
91,12007.6,4346,6093,26.7,Run,Run,0,2023-05-08T02:25:26Z,2023-05-08T10:25:26Z,(GMT+08:00) Australia/Perth,28800,Tom
92,4728,1799,1808,54.2,Run,Run,0,2023-05-06T23:00:30Z,2023-05-07T07:00:30Z,(GMT+08:00) Australia/Perth,28800,Tom
93,0,3521,3521,0,WeightTraining,WeightTraining,,2023-05-04T21:20:21Z,2023-05-05T07:20:21Z,(GMT+10:00) Antarctica/DumontDUrville,36000,Tom
94,5189.8,1862,1981,19.5,Run,Run,0,2023-05-03T21:08:45Z,2023-05-04T07:08:45Z,(GMT+10:00) Australia/Brisbane,36000,Tom
95,16139.6,5613,5656,50.1,Run,Run,0,2023-05-02T20:48:53Z,2023-05-03T06:48:53Z,(GMT+10:00) Australia/Brisbane,36000,Tom
96,0,3159,3159,0,WeightTraining,WeightTraining,,2023-05-02T06:51:43Z,2023-05-02T16:51:43Z,(GMT+10:00) Antarctica/DumontDUrville,36000,Tom
97,4477.1,1545,1568,19.2,Run,Run,0,2023-04-30T22:36:38Z,2023-05-01T08:36:38Z,(GMT+10:00) Australia/Brisbane,36000,Tom
98,0,3403,3403,0,WeightTraining,WeightTraining,,2023-04-28T06:48:27Z,2023-04-28T16:48:27Z,(GMT+10:00) Antarctica/DumontDUrville,36000,Tom
99,10001,3491,3510,44.4,Run,Run,0,2023-04-27T21:15:14Z,2023-04-28T07:15:14Z,(GMT+10:00) Australia/Brisbane,36000,Tom
100,4419,1539,1585,33.6,Run,Run,0,2023-04-26T20:42:33Z,2023-04-27T06:42:33Z,(GMT+10:00) Australia/Brisbane,36000,Tom
101,21215.6,6256,6256,104.8,Run,Run,0,2023-04-22T20:31:06Z,2023-04-23T06:31:06Z,(GMT+10:00) Australia/Brisbane,36000,Tom
102,5964.4,2219,2255,43.3,Run,Run,0,2023-04-19T21:05:38Z,2023-04-20T07:05:38Z,(GMT+10:00) Australia/Brisbane,36000,Tom
103,7609.3,2388,2394,12.1,Run,Run,0,2023-04-18T07:30:14Z,2023-04-18T17:30:14Z,(GMT+10:00) Australia/Brisbane,36000,Tom
104,0,3881,3881,0,WeightTraining,WeightTraining,,2023-04-17T07:01:34Z,2023-04-17T17:01:34Z,(GMT+10:00) Antarctica/DumontDUrville,36000,Tom
105,5480.6,1858,1934,66.2,Run,Run,0,2023-04-16T05:42:12Z,2023-04-16T15:42:12Z,(GMT+10:00) Australia/Brisbane,36000,Tom
106,0,5735,5735,0,WeightTraining,WeightTraining,,2023-04-15T22:36:19Z,2023-04-16T08:36:19Z,(GMT+10:00) Antarctica/DumontDUrville,36000,Tom
107,5000.7,1214,1233,28.3,Run,Run,0,2023-04-14T21:05:34Z,2023-04-15T07:05:34Z,(GMT+10:00) Australia/Brisbane,36000,Tom
108,0,3162,3162,0,WeightTraining,WeightTraining,,2023-04-13T21:26:57Z,2023-04-14T07:26:57Z,(GMT+10:00) Antarctica/DumontDUrville,36000,Tom
109,7100.1,2181,2222,17,Run,Run,0,2023-04-13T07:41:10Z,2023-04-13T17:41:10Z,(GMT+10:00) Australia/Brisbane,36000,Tom
110,0,4361,4361,0,WeightTraining,WeightTraining,,2023-04-12T07:11:25Z,2023-04-12T17:11:25Z,(GMT+10:00) Antarctica/DumontDUrville,36000,Tom
111,5736.4,2242,2377,60.2,Run,Run,0,2023-04-11T21:06:11Z,2023-04-12T07:06:11Z,(GMT+10:00) Australia/Brisbane,36000,Tom
112,12714.5,4583,4646,41.8,Run,Run,0,2023-04-10T21:20:39Z,2023-04-11T07:20:39Z,(GMT+10:00) Australia/Brisbane,36000,Tom
113,0,3282,3282,0,WeightTraining,WeightTraining,,2023-04-09T22:38:48Z,2023-04-10T08:38:48Z,(GMT+10:00) Antarctica/DumontDUrville,36000,Tom
114,5015.1,1294,1298,28.3,Run,Run,0,2023-04-07T21:10:43Z,2023-04-08T07:10:43Z,(GMT+10:00) Australia/Brisbane,36000,Tom
115,9496,3474,3557,29,Run,Run,0,2023-04-07T06:54:55Z,2023-04-07T16:54:55Z,(GMT+10:00) Australia/Brisbane,36000,Tom
116,0,3559,3559,0,WeightTraining,WeightTraining,,2023-04-07T00:33:05Z,2023-04-07T10:33:05Z,(GMT+10:00) Antarctica/DumontDUrville,36000,Tom
117,22253.8,7559,7742,98.4,Run,Run,0,2023-04-05T07:44:57Z,2023-04-05T17:44:57Z,(GMT+10:00) Australia/Brisbane,36000,Tom
118,0,4171,4171,0,WeightTraining,WeightTraining,,2023-04-04T21:32:31Z,2023-04-05T07:32:31Z,(GMT+10:00) Antarctica/DumontDUrville,36000,Tom
119,4354.2,1656,1793,63.5,Run,Run,0,2023-04-03T21:30:00Z,2023-04-04T07:30:00Z,(GMT+10:00) Australia/Brisbane,36000,Tom
120,0,3073,3073,0,WeightTraining,WeightTraining,,2023-04-03T07:49:37Z,2023-04-03T17:49:37Z,(GMT+10:00) Antarctica/DumontDUrville,36000,Tom
121,4562.7,1381,1991,25.7,Run,Run,,2023-04-02T20:20:38Z,2023-04-03T06:20:38Z,(GMT+10:00) Australia/Melbourne,36000,Tom
122,10033.5,3579,3939,69.7,Run,Run,,2023-03-29T21:32:59Z,2023-03-30T07:32:59Z,(GMT+10:00) Australia/Brisbane,36000,Tom
123,0,3494,3494,0,WeightTraining,WeightTraining,,2023-03-29T07:11:28Z,2023-03-29T17:11:28Z,(GMT+10:00) Antarctica/DumontDUrville,36000,Tom
124,11308,4017,4057,34.3,Run,Run,0,2023-03-28T20:55:37Z,2023-03-29T06:55:37Z,(GMT+10:00) Australia/Brisbane,36000,Tom
125,0,1831,1831,0,WeightTraining,WeightTraining,,2023-03-28T07:36:07Z,2023-03-28T17:36:07Z,(GMT+10:00) Antarctica/DumontDUrville,36000,Tom
126,4094.8,1327,1362,15.5,Run,Run,0,2023-03-28T06:50:59Z,2023-03-28T16:50:59Z,(GMT+10:00) Australia/Brisbane,36000,Tom
127,4019.9,1463,1612,4.4,Run,Run,0,2023-03-25T22:58:55Z,2023-03-26T09:58:55Z,(GMT+10:00) Australia/Sydney,39600,Tom
128,6064.4,2268,2298,26.9,Run,Run,0,2023-03-23T21:04:12Z,2023-03-24T07:04:12Z,(GMT+10:00) Australia/Brisbane,36000,Tom
129,18450.7,6463,6812,141.7,Run,Run,0,2023-03-22T07:34:56Z,2023-03-22T17:34:56Z,(GMT+10:00) Australia/Brisbane,36000,Tom
130,0,3165,3165,0,WeightTraining,WeightTraining,,2023-03-21T01:37:44Z,2023-03-21T11:37:44Z,(GMT+10:00) Antarctica/DumontDUrville,36000,Tom
131,0,3600,3600,0,Workout,Workout,,2023-03-21T09:32:32Z,2023-03-21T09:32:32Z,(GMT+00:00) Europe/London,0,Tom
132,5018.9,1706,1794,24.9,Run,Run,0,2023-03-20T06:51:07Z,2023-03-20T16:51:07Z,(GMT+10:00) Australia/Brisbane,36000,Tom
133,4093.4,1620,1633,70.6,Run,Run,0,2023-03-19T21:09:02Z,2023-03-20T07:09:02Z,(GMT+10:00) Australia/Brisbane,36000,Tom
134,0,3696,3696,0,WeightTraining,WeightTraining,,2023-03-18T23:07:25Z,2023-03-19T09:07:25Z,(GMT+10:00) Antarctica/DumontDUrville,36000,Tom
135,15157.1,5077,8652,155.5,Run,Run,0,2023-03-17T20:13:53Z,2023-03-18T06:13:53Z,(GMT+10:00) Australia/Brisbane,36000,Tom
136,0,3272,3272,0,WeightTraining,WeightTraining,,2023-03-17T07:09:20Z,2023-03-17T17:09:20Z,(GMT+10:00) Antarctica/DumontDUrville,36000,Tom
137,4518.8,1697,1787,82.6,Run,Run,0,2023-03-15T21:07:49Z,2023-03-16T07:07:49Z,(GMT+10:00) Australia/Brisbane,36000,Tom
138,0,3871,3871,0,WeightTraining,WeightTraining,,2023-03-15T06:45:43Z,2023-03-15T16:45:43Z,(GMT+10:00) Antarctica/DumontDUrville,36000,Tom
139,9478.9,3353,3374,30.2,Run,Run,0,2023-03-14T20:49:31Z,2023-03-15T06:49:31Z,(GMT+10:00) Australia/Brisbane,36000,Tom
140,0,3531,3531,0,WeightTraining,WeightTraining,,2023-03-13T07:36:46Z,2023-03-13T17:36:46Z,(GMT+10:00) Antarctica/DumontDUrville,36000,Tom
141,4336.4,1411,1419,12.8,Run,Run,0,2023-03-12T21:19:11Z,2023-03-13T07:19:11Z,(GMT+10:00) Australia/Brisbane,36000,Tom
142,5006.7,1334,1334,6.8,Run,Run,0,2023-03-10T20:59:12Z,2023-03-11T06:59:12Z,(GMT+10:00) Australia/Brisbane,36000,Tom
143,8433.7,3045,3109,89.7,Run,Run,0,2023-03-08T21:25:08Z,2023-03-09T07:25:08Z,(GMT+10:00) Australia/Brisbane,36000,Tom
144,0,3308,3308,0,WeightTraining,WeightTraining,,2023-03-08T08:01:16Z,2023-03-08T18:01:16Z,(GMT+10:00) Antarctica/DumontDUrville,36000,Tom
145,137.2,338,370,0,Swim,Swim,,2023-03-07T21:10:34Z,2023-03-08T07:10:34Z,(GMT+10:00) Antarctica/DumontDUrville,36000,Tom
146,0,3654,3654,0,WeightTraining,WeightTraining,,2023-03-07T08:12:15Z,2023-03-07T18:12:15Z,(GMT+10:00) Antarctica/DumontDUrville,36000,Tom
147,4555.1,1587,1662,33.7,Run,Run,0,2023-03-06T07:27:38Z,2023-03-06T17:27:38Z,(GMT+10:00) Australia/Brisbane,36000,Tom
148,0,4027,4027,0,WeightTraining,WeightTraining,,2023-03-05T23:27:45Z,2023-03-06T09:27:45Z,(GMT+10:00) Antarctica/DumontDUrville,36000,Tom
149,13289.6,4788,5297,81.8,Run,Run,0,2023-03-04T02:10:16Z,2023-03-04T12:10:16Z,(GMT+10:00) Australia/Brisbane,36000,Tom
150,7504.2,2750,2762,22,Run,Run,0,2023-03-02T20:51:45Z,2023-03-03T06:51:45Z,(GMT+10:00) Australia/Brisbane,36000,Tom
151,0,3321,3321,0,WeightTraining,WeightTraining,,2023-03-02T08:01:59Z,2023-03-02T18:01:59Z,(GMT+10:00) Antarctica/DumontDUrville,36000,Tom
152,0,3593,3593,0,WeightTraining,WeightTraining,,2023-02-28T07:53:17Z,2023-02-28T17:53:17Z,(GMT+10:00) Antarctica/DumontDUrville,36000,Tom
153,4396.3,1421,1424,16,Run,Run,0,2023-02-26T21:06:55Z,2023-02-27T07:06:55Z,(GMT+10:00) Australia/Brisbane,36000,Tom
154,0,2914,2914,0,WeightTraining,WeightTraining,,2023-02-26T07:44:22Z,2023-02-26T17:44:22Z,(GMT+10:00) Australia/Queensland,36000,Tom
155,5777.1,2100,2367,57.4,Run,Run,,2023-02-25T21:53:07Z,2023-02-26T07:53:07Z,(GMT+10:00) Australia/Brisbane,36000,Tom
156,12949.5,4517,4714,151.8,Run,Run,0,2023-02-22T07:35:16Z,2023-02-22T17:35:16Z,(GMT+10:00) Australia/Brisbane,36000,Tom
157,3615.5,1374,1387,68.6,Run,Run,0,2023-02-19T20:50:34Z,2023-02-20T06:50:34Z,(GMT+10:00) Australia/Brisbane,36000,Tom
158,1908.7,540,540,0,Run,Run,0,2023-02-19T06:33:10Z,2023-02-19T16:33:10Z,(GMT+10:00) Australia/Brisbane,36000,Tom
159,0,3969,3969,0,WeightTraining,WeightTraining,,2023-02-18T22:49:30Z,2023-02-19T08:49:30Z,(GMT+10:00) Antarctica/DumontDUrville,36000,Tom
160,5098.1,1470,1470,41.8,Run,Run,0,2023-02-17T21:01:36Z,2023-02-18T07:01:36Z,(GMT+10:00) Australia/Brisbane,36000,Tom
161,5007.1,1502,1578,22.2,Run,Run,,2023-02-16T21:01:25Z,2023-02-17T07:01:25Z,(GMT+10:00) Australia/Brisbane,36000,Tom
162,0,3827,3827,0,WeightTraining,WeightTraining,,2023-02-16T08:04:55Z,2023-02-16T18:04:55Z,(GMT+10:00) Antarctica/DumontDUrville,36000,Tom
163,4860.3,1521,1636,32.7,Run,Run,,2023-02-14T20:45:03Z,2023-02-15T06:45:03Z,(GMT+10:00) Australia/Brisbane,36000,Tom
164,0,3506,3506,0,WeightTraining,WeightTraining,,2023-02-14T07:57:46Z,2023-02-14T17:57:46Z,(GMT+10:00) Etc/GMT-10,36000,Tom
165,2012.4,625,625,6.3,Run,Run,,2023-02-13T07:54:04Z,2023-02-13T17:54:04Z,(GMT+10:00) Australia/Brisbane,36000,Tom
166,5206.1,1621,1836,47,Run,Run,0,2023-02-09T20:11:50Z,2023-02-10T07:11:50Z,(GMT+10:00) Australia/Melbourne,39600,Tom
167,5006.4,1510,1584,20,Run,Run,,2023-02-08T20:42:33Z,2023-02-09T06:42:33Z,(GMT+10:00) Australia/Brisbane,36000,Tom
168,0,3305,3305,0,WeightTraining,WeightTraining,,2023-02-08T07:46:52Z,2023-02-08T17:46:52Z,(GMT+10:00) Asia/Ust-Nera,36000,Tom
169,2016.7,580,580,5.7,Run,Run,0,2023-02-07T09:45:25Z,2023-02-07T19:45:25Z,(GMT+10:00) Australia/Brisbane,36000,Tom
170,0,3710,3710,0,WeightTraining,WeightTraining,,2023-02-07T07:52:25Z,2023-02-07T17:52:25Z,(GMT+10:00) Etc/GMT-10,36000,Tom
171,0,3288,3288,0,WeightTraining,WeightTraining,,2023-02-06T08:09:58Z,2023-02-06T18:09:58Z,(GMT+10:00) Australia/Queensland,36000,Tom
172,10572.5,3461,4219,80.4,Run,Run,0,2023-02-03T20:18:24Z,2023-02-04T06:18:24Z,(GMT+10:00) Australia/Brisbane,36000,Tom
173,4330.1,1331,1361,46.7,Run,Run,,2023-02-02T20:59:48Z,2023-02-03T06:59:48Z,(GMT+10:00) Australia/Brisbane,36000,Tom
174,0,3186,3186,0,WeightTraining,WeightTraining,,2023-02-02T08:16:51Z,2023-02-02T18:16:51Z,(GMT+10:00) Pacific/Chuuk,36000,Tom
175,0,3487,3487,0,WeightTraining,WeightTraining,,2023-02-01T07:56:54Z,2023-02-01T17:56:54Z,(GMT+10:00) Antarctica/DumontDUrville,36000,Tom
176,0,3607,3607,0,WeightTraining,WeightTraining,,2023-01-31T07:50:40Z,2023-01-31T17:50:40Z,(GMT+10:00) Etc/GMT-10,36000,Tom
177,5186.1,1615,1688,28.3,Run,Run,,2023-01-29T20:43:10Z,2023-01-30T06:43:10Z,(GMT+10:00) Australia/Brisbane,36000,Tom
178,0,3892,3892,0,WeightTraining,WeightTraining,,2023-01-28T22:36:02Z,2023-01-29T08:36:02Z,(GMT+10:00) Antarctica/DumontDUrville,36000,Tom
179,10187.8,7930,9268,334.1,Walk,Walk,,2023-01-28T03:32:17Z,2023-01-28T13:32:17Z,(GMT+10:00) Australia/Brisbane,36000,Tom
180,5145.4,1552,1552,43.8,Run,Run,,2023-01-27T21:00:33Z,2023-01-28T07:00:33Z,(GMT+10:00) Australia/Brisbane,36000,Tom
181,5012.2,1561,1621,54.1,Run,Run,,2023-01-26T08:41:55Z,2023-01-26T18:41:55Z,(GMT+10:00) Australia/Brisbane,36000,Tom
182,0,3959,3959,0,WeightTraining,WeightTraining,,2023-01-25T21:43:07Z,2023-01-26T07:43:07Z,(GMT+10:00) Pacific/Truk,36000,Tom
183,0,3334,3334,0,WeightTraining,WeightTraining,,2023-01-25T08:04:59Z,2023-01-25T18:04:59Z,(GMT+10:00) Asia/Vladivostok,36000,Tom
184,0,2660,2660,0,WeightTraining,WeightTraining,,2023-01-24T08:31:42Z,2023-01-24T18:31:42Z,(GMT+10:00) Asia/Vladivostok,36000,Tom
185,4738.5,1517,1640,45.8,Run,Run,,2023-01-22T20:49:45Z,2023-01-23T06:49:45Z,(GMT+10:00) Australia/Brisbane,36000,Tom
186,0,2468,2468,0,WeightTraining,WeightTraining,,2023-01-21T22:02:50Z,2023-01-22T08:02:50Z,(GMT+10:00) Antarctica/DumontDUrville,36000,Tom
187,10008.2,3459,3935,64.5,Run,Run,0,2023-01-21T00:48:52Z,2023-01-21T10:48:52Z,(GMT+10:00) Australia/Brisbane,36000,Tom
188,4884.3,1499,1702,49.8,Run,Run,,2023-01-19T21:09:07Z,2023-01-20T07:09:07Z,(GMT+10:00) Australia/Brisbane,36000,Tom
189,0,2309,2309,0,WeightTraining,WeightTraining,,2023-01-19T08:02:16Z,2023-01-19T18:02:16Z,(GMT+10:00) Pacific/Truk,36000,Tom
190,0,3716,3716,0,WeightTraining,WeightTraining,,2023-01-18T08:14:37Z,2023-01-18T18:14:37Z,(GMT+10:00) Antarctica/DumontDUrville,36000,Tom
191,0,3194,3194,0,WeightTraining,WeightTraining,,2023-01-17T08:11:31Z,2023-01-17T18:11:31Z,(GMT+10:00) Pacific/Port_Moresby,36000,Tom
192,4603.3,1467,1516,35.9,Run,Run,,2023-01-15T20:43:20Z,2023-01-16T06:43:20Z,(GMT+10:00) Australia/Brisbane,36000,Tom
193,0,3860,3860,0,WeightTraining,WeightTraining,,2023-01-14T22:44:36Z,2023-01-15T08:44:36Z,(GMT+10:00) Pacific/Port_Moresby,36000,Tom
194,1731.6,645,694,25.8,Run,Run,0,2023-01-13T22:25:17Z,2023-01-14T08:25:17Z,(GMT+10:00) Australia/Brisbane,36000,Tom
195,13406.9,4427,4968,64.1,Run,Run,0,2023-01-13T20:04:19Z,2023-01-14T06:04:19Z,(GMT+10:00) Australia/Brisbane,36000,Tom
196,4431.8,1401,1446,58.5,Run,Run,0,2023-01-12T20:42:26Z,2023-01-13T06:42:26Z,(GMT+10:00) Australia/Brisbane,36000,Tom
197,0,2419,2419,0,WeightTraining,WeightTraining,,2023-01-09T21:10:16Z,2023-01-10T07:10:16Z,(GMT+10:00) Australia/Lindeman,36000,Tom
198,1736.1,2346,4177,28.1,Walk,Walk,,2023-01-05T02:49:59Z,2023-01-05T13:49:59Z,(GMT+10:00) Australia/Sydney,39600,Tom
199,0,3485,3485,0,WeightTraining,WeightTraining,,2022-12-27T07:12:29Z,2022-12-27T17:12:29Z,(GMT+10:00) Pacific/Guam,36000,Tom
